<?xml version="1.1" encoding="UTF-8"?>
<expression:EMFExpression xmi:version="2.0" xmlns:xmi="http://www.omg.org/XMI" xmlns:expression="http:///expression.ecore" id="tMap_1=>" expression="Utilities.getStartValidityDate(old_appointment_form1.date_start_validity,old_appointment_form1.is_active)">
  <variables name="old_appointment_form1.id_form" value="0" talendType="id_Integer"/>
  <variables name="old_appointment_form1.title" value="null" talendType="id_String"/>
  <variables name="old_appointment_form1.description" value="null" talendType="id_String"/>
  <variables name="old_appointment_form1.time_start" value="null" talendType="id_String"/>
  <variables name="old_appointment_form1.time_end" value="null" talendType="id_String"/>
  <variables name="old_appointment_form1.duration_appointments" value="0" talendType="id_Integer"/>
  <variables name="old_appointment_form1.is_open_monday" value="0" talendType="id_Short"/>
  <variables name="old_appointment_form1.is_open_tuesday" value="0" talendType="id_Short"/>
  <variables name="old_appointment_form1.is_open_wednesday" value="0" talendType="id_Short"/>
  <variables name="old_appointment_form1.is_open_thursday" value="0" talendType="id_Short"/>
  <variables name="old_appointment_form1.is_open_friday" value="0" talendType="id_Short"/>
  <variables name="old_appointment_form1.is_open_saturday" value="0" talendType="id_Short"/>
  <variables name="old_appointment_form1.is_open_sunday" value="0" talendType="id_Short"/>
  <variables name="old_appointment_form1.date_start_validity" value="null" talendType="id_Date" nullable="true"/>
  <variables name="old_appointment_form1.date_end_validity" value="null" talendType="id_Date" nullable="true"/>
  <variables name="old_appointment_form1.is_active" value="0" talendType="id_Short"/>
  <variables name="old_appointment_form1.dispolay_title_fo" value="0" talendType="id_Short"/>
  <variables name="old_appointment_form1.nb_weeks_to_display" value="0" talendType="id_Integer"/>
  <variables name="old_appointment_form1.people_per_appointment" value="0" talendType="id_Integer"/>
  <variables name="old_appointment_form1.id_workflow" value="0" talendType="id_Integer"/>
  <variables name="old_appointment_form1.is_captcha_enabled" value="0" talendType="id_Short"/>
  <variables name="old_appointment_form1.users_can_cancel_appointments" value="0" talendType="id_Short"/>
  <variables name="old_appointment_form1.min_days_before_app" value="0" talendType="id_Short"/>
  <variables name="old_appointment_form1.id_calendar_template" value="0" talendType="id_Integer"/>
  <variables name="old_appointment_form1.max_appointment_mail" value="0" talendType="id_Integer"/>
  <variables name="old_appointment_form1.nb_appointment_week" value="0" talendType="id_Integer"/>
  <variables name="old_appointment_form1.reference" value="null" talendType="id_String" nullable="true"/>
  <variables name="old_appointment_form1.is_form_step" value="0" talendType="id_Short"/>
  <variables name="old_appointment_form1.is_confirmEmail_enabled" value="0" talendType="id_Short"/>
  <variables name="old_appointment_form1.is_mandatoryEmail_enabled" value="0" talendType="id_Short"/>
  <variables name="old_appointment_form1.icon_form_content" value="null" talendType="id_Object" nullable="true"/>
  <variables name="old_appointment_form1.icon_form_mime_type" value="null" talendType="id_String" nullable="true"/>
  <variables name="old_appointment_form1.date_limit" value="null" talendType="id_Date" nullable="true"/>
  <variables name="old_appointment_form1.seizure_duration" value="0" talendType="id_Integer"/>
  <variables name="old_appointment_form1.maximum_number_of_booked_seats" value="0" talendType="id_Integer"/>
  <variables name="old_appointment_form1.address" value="null" talendType="id_String" nullable="true"/>
  <variables name="old_appointment_form1.longitude" value="null" talendType="id_Float" nullable="true"/>
  <variables name="old_appointment_form1.latitude" value="null" talendType="id_Float" nullable="true"/>
  <variables name="old_appointment_form1.category" value="null" talendType="id_String"/>
  <variables name="old_appointment_form1.active_mylutece_authentification" value="null" talendType="id_Short" nullable="true"/>
  <variables name="old_appointment_form1.workgroup" value="null" talendType="id_String" nullable="true"/>
</expression:EMFExpression>
